ID,Nom,Email,Pays,"Type de visa",Statut,Date
1,Toure,samouralimachirba@gmail.com,usa,etudiant,"Dossier reçu","2025-06-24 12:14:15"
2,Ba,khady.ba0@exemple.com,Canada,,"en attente","2025-06-13 00:00:00"
3,Fall,cheikh.fall1@exemple.com,Canada,,refusé,"2025-04-28 00:00:00"
4,Mbaye,fatou.mbaye2@exemple.com,Luxembourg,,accepté,"2025-04-13 00:00:00"
5,Faye,awa.faye3@exemple.com,Canada,,refusé,"2025-04-26 00:00:00"
6,Fall,awa.fall4@exemple.com,USA,,"en attente","2025-06-10 00:00:00"
7,Diop,seynabou.diop5@exemple.com,Canada,,refusé,"2025-04-30 00:00:00"
8,Ndiaye,ali.ndiaye6@exemple.com,Canada,,accepté,"2025-04-11 00:00:00"
9,Gueye,seynabou.gueye7@exemple.com,Luxembourg,,"en attente","2025-04-04 00:00:00"
10,Seck,fatou.seck8@exemple.com,Belgique,,accepté,"2025-06-19 00:00:00"
11,Diop,mamadou.diop9@exemple.com,France,,"en attente","2025-04-11 00:00:00"
12,Gueye,awa.gueye10@exemple.com,France,,accepté,"2025-04-07 00:00:00"
13,Ba,aminata.ba11@exemple.com,Belgique,,accepté,"2025-06-29 00:00:00"
14,Gueye,khady.gueye12@exemple.com,Belgique,,"en attente","2025-05-23 00:00:00"
15,Faye,khady.faye13@exemple.com,USA,,accepté,"2025-05-08 00:00:00"
16,Faye,cheikh.faye14@exemple.com,USA,,"en attente","2025-05-25 00:00:00"
17,Seck,fatou.seck15@exemple.com,USA,,"en attente","2025-06-29 00:00:00"
18,Camara,khady.camara16@exemple.com,Luxembourg,,accepté,"2025-06-11 00:00:00"
19,Diop,khady.diop17@exemple.com,France,,"en attente","2025-05-30 00:00:00"
20,Faye,aminata.faye18@exemple.com,France,,"en attente","2025-05-15 00:00:00"
21,Fall,ibrahima.fall19@exemple.com,Espagne,,"en attente","2025-05-27 00:00:00"
22,Ba,aminata.ba20@exemple.com,Canada,,"en attente","2025-06-01 00:00:00"
23,Ba,fatou.ba21@exemple.com,Espagne,,accepté,"2025-04-24 00:00:00"
24,Mbaye,awa.mbaye22@exemple.com,Espagne,,accepté,"2025-04-24 00:00:00"
25,Faye,fatou.faye23@exemple.com,Belgique,,"en attente","2025-04-06 00:00:00"
26,Fall,aminata.fall24@exemple.com,USA,,refusé,"2025-04-13 00:00:00"
27,Mbaye,mamadou.mbaye25@exemple.com,Belgique,,refusé,"2025-06-13 00:00:00"
28,Faye,aminata.faye26@exemple.com,Espagne,,accepté,"2025-06-15 00:00:00"
29,Faye,aminata.faye27@exemple.com,Belgique,,refusé,"2025-06-25 00:00:00"
30,Sow,fatou.sow28@exemple.com,France,,refusé,"2025-06-08 00:00:00"
31,Fall,moussa.fall29@exemple.com,Canada,,accepté,"2025-04-24 00:00:00"
32,Ndiaye,seynabou.ndiaye30@exemple.com,Espagne,,accepté,"2025-06-10 00:00:00"
33,Ndiaye,mamadou.ndiaye31@exemple.com,USA,,"en attente","2025-04-03 00:00:00"
34,Fall,seynabou.fall32@exemple.com,Luxembourg,,accepté,"2025-05-31 00:00:00"
35,Mbaye,moussa.mbaye33@exemple.com,Espagne,,"en attente","2025-05-10 00:00:00"
36,Sow,seynabou.sow34@exemple.com,Belgique,,accepté,"2025-05-15 00:00:00"
37,Camara,ibrahima.camara35@exemple.com,USA,,accepté,"2025-06-19 00:00:00"
38,Mbaye,seynabou.mbaye36@exemple.com,Canada,,accepté,"2025-06-08 00:00:00"
39,Diop,ibrahima.diop37@exemple.com,Luxembourg,,"en attente","2025-06-12 00:00:00"
40,Camara,ibrahima.camara38@exemple.com,Belgique,,accepté,"2025-05-07 00:00:00"
41,Seck,seynabou.seck39@exemple.com,Canada,,refusé,"2025-04-08 00:00:00"
42,Ndiaye,ibrahima.ndiaye40@exemple.com,USA,,refusé,"2025-06-10 00:00:00"
43,Fall,aminata.fall41@exemple.com,USA,,accepté,"2025-04-24 00:00:00"
44,Camara,cheikh.camara42@exemple.com,Belgique,,accepté,"2025-04-03 00:00:00"
45,Ndiaye,ibrahima.ndiaye43@exemple.com,Canada,,"en attente","2025-05-01 00:00:00"
46,Ba,seynabou.ba44@exemple.com,Espagne,,"en attente","2025-05-15 00:00:00"
47,Mbaye,aminata.mbaye45@exemple.com,Espagne,,refusé,"2025-06-28 00:00:00"
48,Faye,aminata.faye46@exemple.com,Luxembourg,,accepté,"2025-05-05 00:00:00"
49,Gueye,moussa.gueye47@exemple.com,USA,,"en attente","2025-04-16 00:00:00"
50,Mbaye,awa.mbaye48@exemple.com,France,,accepté,"2025-04-12 00:00:00"
51,Fall,awa.fall49@exemple.com,USA,,"en attente","2025-05-07 00:00:00"
52,Sow,ibrahima.sow50@exemple.com,Luxembourg,,accepté,"2025-04-10 00:00:00"
53,Camara,fatou.camara51@exemple.com,France,,refusé,"2025-06-20 00:00:00"
54,Diop,khady.diop52@exemple.com,Canada,,accepté,"2025-05-17 00:00:00"
55,Seck,khady.seck53@exemple.com,France,,"en attente","2025-05-24 00:00:00"
56,Faye,seynabou.faye54@exemple.com,Espagne,,"en attente","2025-04-16 00:00:00"
57,Gueye,ali.gueye55@exemple.com,Espagne,,"en attente","2025-04-21 00:00:00"
58,Camara,ibrahima.camara56@exemple.com,Belgique,,accepté,"2025-04-30 00:00:00"
59,Faye,cheikh.faye57@exemple.com,Canada,,"en attente","2025-06-17 00:00:00"
60,Ba,moussa.ba58@exemple.com,Luxembourg,,refusé,"2025-04-06 00:00:00"
61,Faye,cheikh.faye59@exemple.com,Belgique,,"en attente","2025-05-03 00:00:00"
62,Diop,khady.diop60@exemple.com,Belgique,,"en attente","2025-06-26 00:00:00"
63,Sow,fatou.sow61@exemple.com,Belgique,,accepté,"2025-04-26 00:00:00"
64,Camara,seynabou.camara62@exemple.com,Luxembourg,,accepté,"2025-06-12 00:00:00"
65,Mbaye,awa.mbaye63@exemple.com,Espagne,,"en attente","2025-04-18 00:00:00"
66,Seck,seynabou.seck64@exemple.com,Canada,,refusé,"2025-06-03 00:00:00"
67,Ndiaye,moussa.ndiaye65@exemple.com,USA,,accepté,"2025-05-07 00:00:00"
68,Camara,cheikh.camara66@exemple.com,Luxembourg,,accepté,"2025-06-11 00:00:00"
69,Diop,cheikh.diop67@exemple.com,Espagne,,accepté,"2025-04-12 00:00:00"
70,Mbaye,ali.mbaye68@exemple.com,Canada,,accepté,"2025-07-01 00:00:00"
71,Gueye,cheikh.gueye69@exemple.com,Espagne,,"en attente","2025-05-09 00:00:00"
72,Camara,aminata.camara70@exemple.com,Canada,,refusé,"2025-06-07 00:00:00"
73,Ba,ibrahima.ba71@exemple.com,USA,,"en attente","2025-04-22 00:00:00"
74,Diop,cheikh.diop72@exemple.com,Luxembourg,,"en attente","2025-06-02 00:00:00"
75,Ndiaye,aminata.ndiaye73@exemple.com,Espagne,,"en attente","2025-05-03 00:00:00"
76,Sow,ibrahima.sow74@exemple.com,Luxembourg,,"en attente","2025-06-14 00:00:00"
77,Fall,mamadou.fall75@exemple.com,Belgique,,refusé,"2025-04-20 00:00:00"
78,Faye,khady.faye76@exemple.com,Canada,,accepté,"2025-04-22 00:00:00"
79,Ba,cheikh.ba77@exemple.com,Belgique,,accepté,"2025-04-19 00:00:00"
80,Ba,ibrahima.ba78@exemple.com,Luxembourg,,refusé,"2025-06-25 00:00:00"
81,Gueye,cheikh.gueye79@exemple.com,USA,,refusé,"2025-05-20 00:00:00"
82,Fall,seynabou.fall80@exemple.com,Luxembourg,,refusé,"2025-05-04 00:00:00"
83,Fall,khady.fall81@exemple.com,Canada,,refusé,"2025-04-26 00:00:00"
84,Fall,mamadou.fall82@exemple.com,Espagne,,accepté,"2025-05-18 00:00:00"
85,Ba,mamadou.ba83@exemple.com,France,,refusé,"2025-05-29 00:00:00"
86,Ndiaye,moussa.ndiaye84@exemple.com,Belgique,,refusé,"2025-05-07 00:00:00"
87,Diop,fatou.diop85@exemple.com,USA,,accepté,"2025-04-30 00:00:00"
88,Faye,mamadou.faye86@exemple.com,Luxembourg,,"en attente","2025-04-03 00:00:00"
89,Camara,moussa.camara87@exemple.com,USA,,accepté,"2025-05-06 00:00:00"
90,Sow,aminata.sow88@exemple.com,Espagne,,refusé,"2025-06-29 00:00:00"
91,Ndiaye,mamadou.ndiaye89@exemple.com,Canada,,refusé,"2025-05-27 00:00:00"
92,Gueye,seynabou.gueye90@exemple.com,France,,"en attente","2025-04-08 00:00:00"
93,Camara,ibrahima.camara91@exemple.com,USA,,"en attente","2025-06-11 00:00:00"
94,Mbaye,fatou.mbaye92@exemple.com,France,,refusé,"2025-04-09 00:00:00"
95,Ndiaye,moussa.ndiaye93@exemple.com,Espagne,,"en attente","2025-04-07 00:00:00"
96,Faye,ali.faye94@exemple.com,Luxembourg,,accepté,"2025-05-30 00:00:00"
97,Mbaye,seynabou.mbaye95@exemple.com,Espagne,,"en attente","2025-07-01 00:00:00"
98,Diop,seynabou.diop96@exemple.com,Canada,,accepté,"2025-05-17 00:00:00"
99,Sow,ali.sow97@exemple.com,France,,"en attente","2025-04-29 00:00:00"
100,Ndiaye,fatou.ndiaye98@exemple.com,Espagne,,"en attente","2025-06-03 00:00:00"
101,Fall,awa.fall99@exemple.com,France,,refusé,"2025-06-09 00:00:00"
102,Diop,moussa.diop100@exemple.com,Canada,,refusé,"2025-05-24 00:00:00"
103,Gueye,cheikh.gueye101@exemple.com,USA,,"en attente","2025-05-10 00:00:00"
104,Fall,seynabou.fall102@exemple.com,Belgique,,refusé,"2025-05-05 00:00:00"
105,Faye,ali.faye103@exemple.com,Belgique,,refusé,"2025-05-05 00:00:00"
106,Ba,aminata.ba104@exemple.com,Belgique,,accepté,"2025-04-26 00:00:00"
107,Gueye,ali.gueye105@exemple.com,France,,accepté,"2025-04-30 00:00:00"
108,Sow,khady.sow106@exemple.com,Luxembourg,,"en attente","2025-06-11 00:00:00"
109,Gueye,ibrahima.gueye107@exemple.com,USA,,accepté,"2025-05-26 00:00:00"
110,Camara,fatou.camara108@exemple.com,USA,,accepté,"2025-05-24 00:00:00"
111,Fall,moussa.fall109@exemple.com,Belgique,,accepté,"2025-05-06 00:00:00"
112,Gueye,awa.gueye110@exemple.com,Canada,,refusé,"2025-05-21 00:00:00"
113,Gueye,mamadou.gueye111@exemple.com,France,,accepté,"2025-05-06 00:00:00"
114,Gueye,khady.gueye112@exemple.com,Espagne,,"en attente","2025-06-17 00:00:00"
115,Ndiaye,mamadou.ndiaye113@exemple.com,Espagne,,accepté,"2025-05-10 00:00:00"
116,Diop,ali.diop114@exemple.com,Canada,,accepté,"2025-04-19 00:00:00"
117,Fall,moussa.fall115@exemple.com,Espagne,,accepté,"2025-06-09 00:00:00"
118,Ndiaye,ali.ndiaye116@exemple.com,France,,accepté,"2025-04-10 00:00:00"
119,Diop,ali.diop117@exemple.com,France,,refusé,"2025-05-20 00:00:00"
120,Fall,aminata.fall118@exemple.com,France,,accepté,"2025-06-23 00:00:00"
121,Camara,khady.camara119@exemple.com,Luxembourg,,"en attente","2025-06-21 00:00:00"
122,Diop,awa.diop120@exemple.com,Belgique,,accepté,"2025-04-21 00:00:00"
123,Mbaye,ibrahima.mbaye121@exemple.com,Belgique,,accepté,"2025-04-14 00:00:00"
124,Camara,aminata.camara122@exemple.com,Luxembourg,,accepté,"2025-04-21 00:00:00"
125,Gueye,cheikh.gueye123@exemple.com,USA,,accepté,"2025-07-02 00:00:00"
126,Diop,fatou.diop124@exemple.com,Belgique,,accepté,"2025-05-15 00:00:00"
127,Sow,ali.sow125@exemple.com,USA,,accepté,"2025-06-24 00:00:00"
128,Diop,fatou.diop126@exemple.com,USA,,"en attente","2025-05-15 00:00:00"
129,Faye,ali.faye127@exemple.com,Belgique,,"en attente","2025-06-20 00:00:00"
130,Mbaye,mamadou.mbaye128@exemple.com,Luxembourg,,refusé,"2025-07-01 00:00:00"
131,Camara,mamadou.camara129@exemple.com,France,,"en attente","2025-05-25 00:00:00"
132,Seck,seynabou.seck130@exemple.com,Belgique,,refusé,"2025-06-09 00:00:00"
133,Mbaye,aminata.mbaye131@exemple.com,Belgique,,accepté,"2025-05-20 00:00:00"
134,Sow,awa.sow132@exemple.com,Espagne,,refusé,"2025-05-10 00:00:00"
135,Diop,ibrahima.diop133@exemple.com,Luxembourg,,accepté,"2025-04-28 00:00:00"
136,Seck,moussa.seck134@exemple.com,Luxembourg,,accepté,"2025-04-03 00:00:00"
137,Seck,mamadou.seck135@exemple.com,USA,,accepté,"2025-05-17 00:00:00"
138,Sow,khady.sow136@exemple.com,France,,"en attente","2025-05-13 00:00:00"
139,Sow,mamadou.sow137@exemple.com,USA,,accepté,"2025-05-28 00:00:00"
140,Mbaye,seynabou.mbaye138@exemple.com,Espagne,,accepté,"2025-06-23 00:00:00"
141,Fall,awa.fall139@exemple.com,France,,refusé,"2025-04-05 00:00:00"
142,Gueye,aminata.gueye140@exemple.com,Belgique,,"en attente","2025-06-07 00:00:00"
143,Sow,cheikh.sow141@exemple.com,Belgique,,accepté,"2025-05-05 00:00:00"
144,Sow,awa.sow142@exemple.com,Luxembourg,,refusé,"2025-04-14 00:00:00"
145,Fall,khady.fall143@exemple.com,Luxembourg,,refusé,"2025-04-08 00:00:00"
146,Camara,fatou.camara144@exemple.com,USA,,refusé,"2025-06-13 00:00:00"
147,Ba,moussa.ba145@exemple.com,Espagne,,accepté,"2025-06-11 00:00:00"
148,Faye,fatou.faye146@exemple.com,USA,,refusé,"2025-05-26 00:00:00"
149,Sow,ali.sow147@exemple.com,Espagne,,accepté,"2025-06-11 00:00:00"
150,Ba,moussa.ba148@exemple.com,Canada,,"en attente","2025-05-09 00:00:00"
151,Mbaye,ali.mbaye149@exemple.com,Luxembourg,,"en attente","2025-06-27 00:00:00"
152,Faye,fatou.faye150@exemple.com,Canada,,accepté,"2025-06-03 00:00:00"
153,Ndiaye,moussa.ndiaye151@exemple.com,Luxembourg,,refusé,"2025-05-26 00:00:00"
154,Mbaye,fatou.mbaye152@exemple.com,Espagne,,accepté,"2025-04-20 00:00:00"
155,Diop,ibrahima.diop153@exemple.com,Canada,,refusé,"2025-06-01 00:00:00"
156,Camara,ibrahima.camara154@exemple.com,Espagne,,accepté,"2025-04-23 00:00:00"
157,Faye,cheikh.faye155@exemple.com,France,,accepté,"2025-04-29 00:00:00"
158,Diop,ali.diop156@exemple.com,Canada,,refusé,"2025-05-21 00:00:00"
159,Fall,moussa.fall157@exemple.com,USA,,refusé,"2025-05-07 00:00:00"
160,Mbaye,awa.mbaye158@exemple.com,Espagne,,refusé,"2025-05-09 00:00:00"
161,Faye,aminata.faye159@exemple.com,France,,refusé,"2025-05-31 00:00:00"
162,Diop,ali.diop160@exemple.com,Canada,,refusé,"2025-05-29 00:00:00"
163,Camara,ibrahima.camara161@exemple.com,Espagne,,refusé,"2025-05-11 00:00:00"
164,Mbaye,khady.mbaye162@exemple.com,Luxembourg,,accepté,"2025-04-14 00:00:00"
165,Gueye,moussa.gueye163@exemple.com,Espagne,,accepté,"2025-04-13 00:00:00"
166,Seck,moussa.seck164@exemple.com,Canada,,refusé,"2025-06-15 00:00:00"
167,Seck,ali.seck165@exemple.com,Belgique,,accepté,"2025-05-30 00:00:00"
168,Mbaye,fatou.mbaye166@exemple.com,France,,accepté,"2025-06-04 00:00:00"
169,Ndiaye,mamadou.ndiaye167@exemple.com,Belgique,,refusé,"2025-05-02 00:00:00"
170,Seck,khady.seck168@exemple.com,Belgique,,"en attente","2025-06-05 00:00:00"
171,Diop,cheikh.diop169@exemple.com,Luxembourg,,refusé,"2025-06-03 00:00:00"
172,Ba,moussa.ba170@exemple.com,Belgique,,accepté,"2025-06-02 00:00:00"
173,Seck,aminata.seck171@exemple.com,Canada,,refusé,"2025-05-09 00:00:00"
174,Mbaye,moussa.mbaye172@exemple.com,Belgique,,accepté,"2025-05-06 00:00:00"
175,Gueye,mamadou.gueye173@exemple.com,Canada,,"en attente","2025-06-07 00:00:00"
176,Ndiaye,khady.ndiaye174@exemple.com,Canada,,accepté,"2025-04-17 00:00:00"
177,Camara,mamadou.camara175@exemple.com,Belgique,,"en attente","2025-06-07 00:00:00"
178,Camara,seynabou.camara176@exemple.com,Belgique,,accepté,"2025-04-08 00:00:00"
179,Ba,moussa.ba177@exemple.com,Belgique,,"en attente","2025-06-13 00:00:00"
180,Faye,khady.faye178@exemple.com,Canada,,accepté,"2025-05-25 00:00:00"
181,Diop,aminata.diop179@exemple.com,USA,,refusé,"2025-06-26 00:00:00"
182,Sow,moussa.sow180@exemple.com,Canada,,"en attente","2025-06-10 00:00:00"
183,Ba,aminata.ba181@exemple.com,Espagne,,"en attente","2025-04-19 00:00:00"
184,Diop,ibrahima.diop182@exemple.com,Espagne,,refusé,"2025-05-09 00:00:00"
185,Ndiaye,awa.ndiaye183@exemple.com,Canada,,"en attente","2025-04-15 00:00:00"
186,Seck,ibrahima.seck184@exemple.com,Belgique,,"en attente","2025-04-25 00:00:00"
187,Sow,moussa.sow185@exemple.com,Canada,,accepté,"2025-04-26 00:00:00"
188,Faye,mamadou.faye186@exemple.com,France,,"en attente","2025-05-17 00:00:00"
189,Ndiaye,seynabou.ndiaye187@exemple.com,France,,refusé,"2025-05-06 00:00:00"
190,Gueye,seynabou.gueye188@exemple.com,France,,"en attente","2025-05-23 00:00:00"
191,Sow,seynabou.sow189@exemple.com,Belgique,,refusé,"2025-04-07 00:00:00"
192,Fall,mamadou.fall190@exemple.com,France,,"en attente","2025-04-15 00:00:00"
193,Fall,moussa.fall191@exemple.com,Luxembourg,,refusé,"2025-06-15 00:00:00"
194,Fall,awa.fall192@exemple.com,Belgique,,"en attente","2025-06-10 00:00:00"
195,Gueye,seynabou.gueye193@exemple.com,Belgique,,"en attente","2025-05-08 00:00:00"
196,Ba,aminata.ba194@exemple.com,USA,,accepté,"2025-06-06 00:00:00"
197,Mbaye,mamadou.mbaye195@exemple.com,USA,,accepté,"2025-05-21 00:00:00"
198,Mbaye,ali.mbaye196@exemple.com,Canada,,refusé,"2025-06-27 00:00:00"
199,Ndiaye,ali.ndiaye197@exemple.com,Espagne,,accepté,"2025-04-14 00:00:00"
200,Fall,awa.fall198@exemple.com,Canada,,"en attente","2025-04-11 00:00:00"
201,Mbaye,cheikh.mbaye199@exemple.com,France,,refusé,"2025-06-08 00:00:00"
202,Ba,khady.ba0@exemple.com,Canada,,"en attente","2025-06-13 00:00:00"
203,Fall,cheikh.fall1@exemple.com,Canada,,refusé,"2025-04-28 00:00:00"
204,Mbaye,fatou.mbaye2@exemple.com,Luxembourg,,accepté,"2025-04-13 00:00:00"
205,Faye,awa.faye3@exemple.com,Canada,,refusé,"2025-04-26 00:00:00"
206,Fall,awa.fall4@exemple.com,USA,,"en attente","2025-06-10 00:00:00"
207,Diop,seynabou.diop5@exemple.com,Canada,,refusé,"2025-04-30 00:00:00"
208,Ndiaye,ali.ndiaye6@exemple.com,Canada,,accepté,"2025-04-11 00:00:00"
209,Gueye,seynabou.gueye7@exemple.com,Luxembourg,,"en attente","2025-04-04 00:00:00"
210,Seck,fatou.seck8@exemple.com,Belgique,,accepté,"2025-06-19 00:00:00"
211,Diop,mamadou.diop9@exemple.com,France,,"en attente","2025-04-11 00:00:00"
212,Gueye,awa.gueye10@exemple.com,France,,accepté,"2025-04-07 00:00:00"
213,Ba,aminata.ba11@exemple.com,Belgique,,accepté,"2025-06-29 00:00:00"
214,Gueye,khady.gueye12@exemple.com,Belgique,,"en attente","2025-05-23 00:00:00"
215,Faye,khady.faye13@exemple.com,USA,,accepté,"2025-05-08 00:00:00"
216,Faye,cheikh.faye14@exemple.com,USA,,"en attente","2025-05-25 00:00:00"
217,Seck,fatou.seck15@exemple.com,USA,,"en attente","2025-06-29 00:00:00"
218,Camara,khady.camara16@exemple.com,Luxembourg,,accepté,"2025-06-11 00:00:00"
219,Diop,khady.diop17@exemple.com,France,,"en attente","2025-05-30 00:00:00"
220,Faye,aminata.faye18@exemple.com,France,,"en attente","2025-05-15 00:00:00"
221,Fall,ibrahima.fall19@exemple.com,Espagne,,"en attente","2025-05-27 00:00:00"
222,Ba,aminata.ba20@exemple.com,Canada,,"en attente","2025-06-01 00:00:00"
223,Ba,fatou.ba21@exemple.com,Espagne,,accepté,"2025-04-24 00:00:00"
224,Mbaye,awa.mbaye22@exemple.com,Espagne,,accepté,"2025-04-24 00:00:00"
225,Faye,fatou.faye23@exemple.com,Belgique,,"en attente","2025-04-06 00:00:00"
226,Fall,aminata.fall24@exemple.com,USA,,refusé,"2025-04-13 00:00:00"
227,Mbaye,mamadou.mbaye25@exemple.com,Belgique,,refusé,"2025-06-13 00:00:00"
228,Faye,aminata.faye26@exemple.com,Espagne,,accepté,"2025-06-15 00:00:00"
229,Faye,aminata.faye27@exemple.com,Belgique,,refusé,"2025-06-25 00:00:00"
230,Sow,fatou.sow28@exemple.com,France,,refusé,"2025-06-08 00:00:00"
231,Fall,moussa.fall29@exemple.com,Canada,,accepté,"2025-04-24 00:00:00"
232,Ndiaye,seynabou.ndiaye30@exemple.com,Espagne,,accepté,"2025-06-10 00:00:00"
233,Ndiaye,mamadou.ndiaye31@exemple.com,USA,,"en attente","2025-04-03 00:00:00"
234,Fall,seynabou.fall32@exemple.com,Luxembourg,,accepté,"2025-05-31 00:00:00"
235,Mbaye,moussa.mbaye33@exemple.com,Espagne,,"en attente","2025-05-10 00:00:00"
236,Sow,seynabou.sow34@exemple.com,Belgique,,accepté,"2025-05-15 00:00:00"
237,Camara,ibrahima.camara35@exemple.com,USA,,accepté,"2025-06-19 00:00:00"
238,Mbaye,seynabou.mbaye36@exemple.com,Canada,,accepté,"2025-06-08 00:00:00"
239,Diop,ibrahima.diop37@exemple.com,Luxembourg,,"en attente","2025-06-12 00:00:00"
240,Camara,ibrahima.camara38@exemple.com,Belgique,,accepté,"2025-05-07 00:00:00"
241,Seck,seynabou.seck39@exemple.com,Canada,,refusé,"2025-04-08 00:00:00"
242,Ndiaye,ibrahima.ndiaye40@exemple.com,USA,,refusé,"2025-06-10 00:00:00"
243,Fall,aminata.fall41@exemple.com,USA,,accepté,"2025-04-24 00:00:00"
244,Camara,cheikh.camara42@exemple.com,Belgique,,accepté,"2025-04-03 00:00:00"
245,Ndiaye,ibrahima.ndiaye43@exemple.com,Canada,,"en attente","2025-05-01 00:00:00"
246,Ba,seynabou.ba44@exemple.com,Espagne,,"en attente","2025-05-15 00:00:00"
247,Mbaye,aminata.mbaye45@exemple.com,Espagne,,refusé,"2025-06-28 00:00:00"
248,Faye,aminata.faye46@exemple.com,Luxembourg,,accepté,"2025-05-05 00:00:00"
249,Gueye,moussa.gueye47@exemple.com,USA,,"en attente","2025-04-16 00:00:00"
250,Mbaye,awa.mbaye48@exemple.com,France,,accepté,"2025-04-12 00:00:00"
251,Fall,awa.fall49@exemple.com,USA,,"en attente","2025-05-07 00:00:00"
252,Sow,ibrahima.sow50@exemple.com,Luxembourg,,accepté,"2025-04-10 00:00:00"
253,Camara,fatou.camara51@exemple.com,France,,refusé,"2025-06-20 00:00:00"
254,Diop,khady.diop52@exemple.com,Canada,,accepté,"2025-05-17 00:00:00"
255,Seck,khady.seck53@exemple.com,France,,"en attente","2025-05-24 00:00:00"
256,Faye,seynabou.faye54@exemple.com,Espagne,,"en attente","2025-04-16 00:00:00"
257,Gueye,ali.gueye55@exemple.com,Espagne,,"en attente","2025-04-21 00:00:00"
258,Camara,ibrahima.camara56@exemple.com,Belgique,,accepté,"2025-04-30 00:00:00"
259,Faye,cheikh.faye57@exemple.com,Canada,,"en attente","2025-06-17 00:00:00"
260,Ba,moussa.ba58@exemple.com,Luxembourg,,refusé,"2025-04-06 00:00:00"
261,Faye,cheikh.faye59@exemple.com,Belgique,,"en attente","2025-05-03 00:00:00"
262,Diop,khady.diop60@exemple.com,Belgique,,"en attente","2025-06-26 00:00:00"
263,Sow,fatou.sow61@exemple.com,Belgique,,accepté,"2025-04-26 00:00:00"
264,Camara,seynabou.camara62@exemple.com,Luxembourg,,accepté,"2025-06-12 00:00:00"
265,Mbaye,awa.mbaye63@exemple.com,Espagne,,"en attente","2025-04-18 00:00:00"
266,Seck,seynabou.seck64@exemple.com,Canada,,refusé,"2025-06-03 00:00:00"
267,Ndiaye,moussa.ndiaye65@exemple.com,USA,,accepté,"2025-05-07 00:00:00"
268,Camara,cheikh.camara66@exemple.com,Luxembourg,,accepté,"2025-06-11 00:00:00"
269,Diop,cheikh.diop67@exemple.com,Espagne,,accepté,"2025-04-12 00:00:00"
270,Mbaye,ali.mbaye68@exemple.com,Canada,,accepté,"2025-07-01 00:00:00"
271,Gueye,cheikh.gueye69@exemple.com,Espagne,,"en attente","2025-05-09 00:00:00"
272,Camara,aminata.camara70@exemple.com,Canada,,refusé,"2025-06-07 00:00:00"
273,Ba,ibrahima.ba71@exemple.com,USA,,"en attente","2025-04-22 00:00:00"
274,Diop,cheikh.diop72@exemple.com,Luxembourg,,"en attente","2025-06-02 00:00:00"
275,Ndiaye,aminata.ndiaye73@exemple.com,Espagne,,"en attente","2025-05-03 00:00:00"
276,Sow,ibrahima.sow74@exemple.com,Luxembourg,,"en attente","2025-06-14 00:00:00"
277,Fall,mamadou.fall75@exemple.com,Belgique,,refusé,"2025-04-20 00:00:00"
278,Faye,khady.faye76@exemple.com,Canada,,accepté,"2025-04-22 00:00:00"
279,Ba,cheikh.ba77@exemple.com,Belgique,,accepté,"2025-04-19 00:00:00"
280,Ba,ibrahima.ba78@exemple.com,Luxembourg,,refusé,"2025-06-25 00:00:00"
281,Gueye,cheikh.gueye79@exemple.com,USA,,refusé,"2025-05-20 00:00:00"
282,Fall,seynabou.fall80@exemple.com,Luxembourg,,refusé,"2025-05-04 00:00:00"
283,Fall,khady.fall81@exemple.com,Canada,,refusé,"2025-04-26 00:00:00"
284,Fall,mamadou.fall82@exemple.com,Espagne,,accepté,"2025-05-18 00:00:00"
285,Ba,mamadou.ba83@exemple.com,France,,refusé,"2025-05-29 00:00:00"
286,Ndiaye,moussa.ndiaye84@exemple.com,Belgique,,refusé,"2025-05-07 00:00:00"
287,Diop,fatou.diop85@exemple.com,USA,,accepté,"2025-04-30 00:00:00"
288,Faye,mamadou.faye86@exemple.com,Luxembourg,,"en attente","2025-04-03 00:00:00"
289,Camara,moussa.camara87@exemple.com,USA,,accepté,"2025-05-06 00:00:00"
290,Sow,aminata.sow88@exemple.com,Espagne,,refusé,"2025-06-29 00:00:00"
291,Ndiaye,mamadou.ndiaye89@exemple.com,Canada,,refusé,"2025-05-27 00:00:00"
292,Gueye,seynabou.gueye90@exemple.com,France,,"en attente","2025-04-08 00:00:00"
293,Camara,ibrahima.camara91@exemple.com,USA,,"en attente","2025-06-11 00:00:00"
294,Mbaye,fatou.mbaye92@exemple.com,France,,refusé,"2025-04-09 00:00:00"
295,Ndiaye,moussa.ndiaye93@exemple.com,Espagne,,"en attente","2025-04-07 00:00:00"
296,Faye,ali.faye94@exemple.com,Luxembourg,,accepté,"2025-05-30 00:00:00"
297,Mbaye,seynabou.mbaye95@exemple.com,Espagne,,"en attente","2025-07-01 00:00:00"
298,Diop,seynabou.diop96@exemple.com,Canada,,accepté,"2025-05-17 00:00:00"
299,Sow,ali.sow97@exemple.com,France,,"en attente","2025-04-29 00:00:00"
300,Ndiaye,fatou.ndiaye98@exemple.com,Espagne,,"en attente","2025-06-03 00:00:00"
301,Fall,awa.fall99@exemple.com,France,,refusé,"2025-06-09 00:00:00"
302,Diop,moussa.diop100@exemple.com,Canada,,refusé,"2025-05-24 00:00:00"
303,Gueye,cheikh.gueye101@exemple.com,USA,,"en attente","2025-05-10 00:00:00"
304,Fall,seynabou.fall102@exemple.com,Belgique,,refusé,"2025-05-05 00:00:00"
305,Faye,ali.faye103@exemple.com,Belgique,,refusé,"2025-05-05 00:00:00"
306,Ba,aminata.ba104@exemple.com,Belgique,,accepté,"2025-04-26 00:00:00"
307,Gueye,ali.gueye105@exemple.com,France,,accepté,"2025-04-30 00:00:00"
308,Sow,khady.sow106@exemple.com,Luxembourg,,"en attente","2025-06-11 00:00:00"
309,Gueye,ibrahima.gueye107@exemple.com,USA,,accepté,"2025-05-26 00:00:00"
310,Camara,fatou.camara108@exemple.com,USA,,accepté,"2025-05-24 00:00:00"
311,Fall,moussa.fall109@exemple.com,Belgique,,accepté,"2025-05-06 00:00:00"
312,Gueye,awa.gueye110@exemple.com,Canada,,refusé,"2025-05-21 00:00:00"
313,Gueye,mamadou.gueye111@exemple.com,France,,accepté,"2025-05-06 00:00:00"
314,Gueye,khady.gueye112@exemple.com,Espagne,,"en attente","2025-06-17 00:00:00"
315,Ndiaye,mamadou.ndiaye113@exemple.com,Espagne,,accepté,"2025-05-10 00:00:00"
316,Diop,ali.diop114@exemple.com,Canada,,accepté,"2025-04-19 00:00:00"
317,Fall,moussa.fall115@exemple.com,Espagne,,accepté,"2025-06-09 00:00:00"
318,Ndiaye,ali.ndiaye116@exemple.com,France,,accepté,"2025-04-10 00:00:00"
319,Diop,ali.diop117@exemple.com,France,,refusé,"2025-05-20 00:00:00"
320,Fall,aminata.fall118@exemple.com,France,,accepté,"2025-06-23 00:00:00"
321,Camara,khady.camara119@exemple.com,Luxembourg,,"en attente","2025-06-21 00:00:00"
322,Diop,awa.diop120@exemple.com,Belgique,,accepté,"2025-04-21 00:00:00"
323,Mbaye,ibrahima.mbaye121@exemple.com,Belgique,,accepté,"2025-04-14 00:00:00"
324,Camara,aminata.camara122@exemple.com,Luxembourg,,accepté,"2025-04-21 00:00:00"
325,Gueye,cheikh.gueye123@exemple.com,USA,,accepté,"2025-07-02 00:00:00"
326,Diop,fatou.diop124@exemple.com,Belgique,,accepté,"2025-05-15 00:00:00"
327,Sow,ali.sow125@exemple.com,USA,,accepté,"2025-06-24 00:00:00"
328,Diop,fatou.diop126@exemple.com,USA,,"en attente","2025-05-15 00:00:00"
329,Faye,ali.faye127@exemple.com,Belgique,,"en attente","2025-06-20 00:00:00"
330,Mbaye,mamadou.mbaye128@exemple.com,Luxembourg,,refusé,"2025-07-01 00:00:00"
331,Camara,mamadou.camara129@exemple.com,France,,"en attente","2025-05-25 00:00:00"
332,Seck,seynabou.seck130@exemple.com,Belgique,,refusé,"2025-06-09 00:00:00"
333,Mbaye,aminata.mbaye131@exemple.com,Belgique,,accepté,"2025-05-20 00:00:00"
334,Sow,awa.sow132@exemple.com,Espagne,,refusé,"2025-05-10 00:00:00"
335,Diop,ibrahima.diop133@exemple.com,Luxembourg,,accepté,"2025-04-28 00:00:00"
336,Seck,moussa.seck134@exemple.com,Luxembourg,,accepté,"2025-04-03 00:00:00"
337,Seck,mamadou.seck135@exemple.com,USA,,accepté,"2025-05-17 00:00:00"
338,Sow,khady.sow136@exemple.com,France,,"en attente","2025-05-13 00:00:00"
339,Sow,mamadou.sow137@exemple.com,USA,,accepté,"2025-05-28 00:00:00"
340,Mbaye,seynabou.mbaye138@exemple.com,Espagne,,accepté,"2025-06-23 00:00:00"
341,Fall,awa.fall139@exemple.com,France,,refusé,"2025-04-05 00:00:00"
342,Gueye,aminata.gueye140@exemple.com,Belgique,,"en attente","2025-06-07 00:00:00"
343,Sow,cheikh.sow141@exemple.com,Belgique,,accepté,"2025-05-05 00:00:00"
344,Sow,awa.sow142@exemple.com,Luxembourg,,refusé,"2025-04-14 00:00:00"
345,Fall,khady.fall143@exemple.com,Luxembourg,,refusé,"2025-04-08 00:00:00"
346,Camara,fatou.camara144@exemple.com,USA,,refusé,"2025-06-13 00:00:00"
347,Ba,moussa.ba145@exemple.com,Espagne,,accepté,"2025-06-11 00:00:00"
348,Faye,fatou.faye146@exemple.com,USA,,refusé,"2025-05-26 00:00:00"
349,Sow,ali.sow147@exemple.com,Espagne,,accepté,"2025-06-11 00:00:00"
350,Ba,moussa.ba148@exemple.com,Canada,,"en attente","2025-05-09 00:00:00"
351,Mbaye,ali.mbaye149@exemple.com,Luxembourg,,"en attente","2025-06-27 00:00:00"
352,Faye,fatou.faye150@exemple.com,Canada,,accepté,"2025-06-03 00:00:00"
353,Ndiaye,moussa.ndiaye151@exemple.com,Luxembourg,,refusé,"2025-05-26 00:00:00"
354,Mbaye,fatou.mbaye152@exemple.com,Espagne,,accepté,"2025-04-20 00:00:00"
355,Diop,ibrahima.diop153@exemple.com,Canada,,refusé,"2025-06-01 00:00:00"
356,Camara,ibrahima.camara154@exemple.com,Espagne,,accepté,"2025-04-23 00:00:00"
357,Faye,cheikh.faye155@exemple.com,France,,accepté,"2025-04-29 00:00:00"
358,Diop,ali.diop156@exemple.com,Canada,,refusé,"2025-05-21 00:00:00"
359,Fall,moussa.fall157@exemple.com,USA,,refusé,"2025-05-07 00:00:00"
360,Mbaye,awa.mbaye158@exemple.com,Espagne,,refusé,"2025-05-09 00:00:00"
361,Faye,aminata.faye159@exemple.com,France,,refusé,"2025-05-31 00:00:00"
362,Diop,ali.diop160@exemple.com,Canada,,refusé,"2025-05-29 00:00:00"
363,Camara,ibrahima.camara161@exemple.com,Espagne,,refusé,"2025-05-11 00:00:00"
364,Mbaye,khady.mbaye162@exemple.com,Luxembourg,,accepté,"2025-04-14 00:00:00"
365,Gueye,moussa.gueye163@exemple.com,Espagne,,accepté,"2025-04-13 00:00:00"
366,Seck,moussa.seck164@exemple.com,Canada,,refusé,"2025-06-15 00:00:00"
367,Seck,ali.seck165@exemple.com,Belgique,,accepté,"2025-05-30 00:00:00"
368,Mbaye,fatou.mbaye166@exemple.com,France,,accepté,"2025-06-04 00:00:00"
369,Ndiaye,mamadou.ndiaye167@exemple.com,Belgique,,refusé,"2025-05-02 00:00:00"
370,Seck,khady.seck168@exemple.com,Belgique,,"en attente","2025-06-05 00:00:00"
371,Diop,cheikh.diop169@exemple.com,Luxembourg,,refusé,"2025-06-03 00:00:00"
372,Ba,moussa.ba170@exemple.com,Belgique,,accepté,"2025-06-02 00:00:00"
373,Seck,aminata.seck171@exemple.com,Canada,,refusé,"2025-05-09 00:00:00"
374,Mbaye,moussa.mbaye172@exemple.com,Belgique,,accepté,"2025-05-06 00:00:00"
375,Gueye,mamadou.gueye173@exemple.com,Canada,,"en attente","2025-06-07 00:00:00"
376,Ndiaye,khady.ndiaye174@exemple.com,Canada,,accepté,"2025-04-17 00:00:00"
377,Camara,mamadou.camara175@exemple.com,Belgique,,"en attente","2025-06-07 00:00:00"
378,Camara,seynabou.camara176@exemple.com,Belgique,,accepté,"2025-04-08 00:00:00"
379,Ba,moussa.ba177@exemple.com,Belgique,,"en attente","2025-06-13 00:00:00"
380,Faye,khady.faye178@exemple.com,Canada,,accepté,"2025-05-25 00:00:00"
381,Diop,aminata.diop179@exemple.com,USA,,refusé,"2025-06-26 00:00:00"
382,Sow,moussa.sow180@exemple.com,Canada,,"en attente","2025-06-10 00:00:00"
383,Ba,aminata.ba181@exemple.com,Espagne,,"en attente","2025-04-19 00:00:00"
384,Diop,ibrahima.diop182@exemple.com,Espagne,,refusé,"2025-05-09 00:00:00"
385,Ndiaye,awa.ndiaye183@exemple.com,Canada,,"en attente","2025-04-15 00:00:00"
386,Seck,ibrahima.seck184@exemple.com,Belgique,,"en attente","2025-04-25 00:00:00"
387,Sow,moussa.sow185@exemple.com,Canada,,accepté,"2025-04-26 00:00:00"
388,Faye,mamadou.faye186@exemple.com,France,,"en attente","2025-05-17 00:00:00"
389,Ndiaye,seynabou.ndiaye187@exemple.com,France,,refusé,"2025-05-06 00:00:00"
390,Gueye,seynabou.gueye188@exemple.com,France,,"en attente","2025-05-23 00:00:00"
391,Sow,seynabou.sow189@exemple.com,Belgique,,refusé,"2025-04-07 00:00:00"
392,Fall,mamadou.fall190@exemple.com,France,,"en attente","2025-04-15 00:00:00"
393,Fall,moussa.fall191@exemple.com,Luxembourg,,refusé,"2025-06-15 00:00:00"
394,Fall,awa.fall192@exemple.com,Belgique,,"en attente","2025-06-10 00:00:00"
395,Gueye,seynabou.gueye193@exemple.com,Belgique,,"en attente","2025-05-08 00:00:00"
396,Ba,aminata.ba194@exemple.com,USA,,accepté,"2025-06-06 00:00:00"
397,Mbaye,mamadou.mbaye195@exemple.com,USA,,accepté,"2025-05-21 00:00:00"
398,Mbaye,ali.mbaye196@exemple.com,Canada,,refusé,"2025-06-27 00:00:00"
399,Ndiaye,ali.ndiaye197@exemple.com,Espagne,,accepté,"2025-04-14 00:00:00"
400,Fall,awa.fall198@exemple.com,Canada,,"en attente","2025-04-11 00:00:00"
401,Mbaye,cheikh.mbaye199@exemple.com,France,,refusé,"2025-06-08 00:00:00"
